bfibank;service;bfibank;service;IBfiService.java,,,,,
bfibank;service;bfibank;service;BfiServiceImpl.java,,,,,
bfibank;controller;,,,,,
"bfibank;controller;BfiController.java;@RequestMapping(""api/bfi"") public class BfiController",,,,,
"bfibank;controller;BfiController.java;@RequestMapping(value = ""/create""", method = RequestMethod.POST," consumes = ""application/json"") private ResponseEntity<TrustAmlApiResponse> createBfi(HttpServletRequest request",@RequestBody Bfi bfi) throws Exception,,
"bfibank;controller;BfiController.java;@RequestMapping(value = ""/update""", method = RequestMethod.PUT," consumes = ""application/json"") private ResponseEntity<TrustAmlApiResponse> updateBfi(HttpServletRequest request",@RequestBody Bfi bfi) throws Exception,,
"bfibank;controller;BfiController.java;@RequestMapping(value = ""/retrive/""", method = RequestMethod.GET," produces = ""application/json"") private ResponseEntity<TrustAmlApiResponse> findById(HttpServletRequest request","@RequestParam(""id"") Long id) throws Exception",,
"bfibank;controller;BfiController.java;@RequestMapping(value = ""/all""", method = RequestMethod.GET," produces = ""application/json"") private ResponseEntity<TrustAmlApiResponse> findAll(HttpServletRequest request) throws Exception",,,
bfibank;dao;bfibank;dao;BfiDAOImpl.java,,,,,
bfibank;dao;,        ,,,,
bfibank;dao;IBfiDAO.java;public Bfi findById(Long id),,,,,
bfibank;dao;IBfiDAO.java;public List<Bfi> findAll(),,,,,
bfibank;dao;IBfiDAO.java;public void saveOrUpdate(Bfi bfi),,,,,
bfibank;model;bfibank;model;Bfi.java,,,,,
bfibank;model;bfibank;model;BfiInfo.java,,,,,
bfibank;model;bfibank;model;BfiEmail.java,,,,,
bfibank;model;bfibank;model;BfiAddress.java,,,,,
bfibank;model;bfibank;model;BfiContact.java,,,,,
ttr;service;ttr;service;TtrServiceImpl.java,,,,,
ttr;service;ttr;service;ITtrService.java,,,,,
ttr;controller;,,,,,
"ttr;controller;TtrController.java;@RequestMapping(""api/ttr"") public class TtrController",,,,,
"ttr;controller;TtrController.java;@RequestMapping(value = ""/create""", method = RequestMethod.POST," consumes=""application/json"") private ResponseEntity<TrustAmlApiResponse> createHotList(HttpServletRequest request",@RequestBody JSONObject jsonObject) throws Exception,,
"ttr;controller;TtrController.java;@RequestMapping(value = ""/retrive/""", method = RequestMethod.GET) public ResponseEntity<TrustAmlApiResponse> findById(HttpServletRequest request,"@RequestParam(""id"") Long id) throws Exception",,,
"ttr;controller;TtrController.java;@RequestMapping(value = ""/all""", method = RequestMethod.GET) public ResponseEntity<TrustAmlApiResponse> findAll(HttpServletRequest request) throws Exception,,,,
ttr;dao;,,,,,
ttr;dao;ITtrDAO.java;public TtrBase findById(Long id),,,,,
ttr;dao;ITtrDAO.java;public List<TtrBase> findAll(),,,,,
ttr;dao;ITtrDAO.java;public void saveOrUpdate(TtrBase ttr),,,,,
ttr;dao;ttr;dao;TtrDAOImpl.java,,,,,
ttr;model;ttr;model;TtrBase.java,,,,,
ttr;model;ttr;model;TtrInfo.java,,,,,
ttr;model;ttr;model;Ttr.java,,,,,
ttr;model;ttr;model;TtrLegal.java,,,,,
ttr;model;ttr;model;TtrNatural.java,,,,,
bfibranch;service;bfibranch;service;IBranchInfoService.java,,,,,
bfibranch;service;bfibranch;service;BranchInfoServiceImpl.java,,,,,
bfibranch;controller;,,,,,
"bfibranch;controller;BranchInfoController.java;@RequestMapping(""api/branch_info"") public class BranchInfoController",,,,,
"bfibranch;controller;BranchInfoController.java;@RequestMapping(value=""/create""", method= RequestMethod.POST," consumes=""application/json"") public ResponseEntity<TrustAmlApiResponse> createBranchInfo(HttpServletRequest request",@RequestBody DetailBranchInfo info) throws Exception,,
"bfibranch;controller;BranchInfoController.java;@RequestMapping(value=""/update""", method= RequestMethod.PUT," consumes=""application/json"") public ResponseEntity<TrustAmlApiResponse> updateBranchInfo(HttpServletRequest request",@RequestBody DetailBranchInfo info) throws Exception,,
"bfibranch;controller;BranchInfoController.java;@RequestMapping(value=""/retrive/""", method = RequestMethod.GET," produces =""application/json"") public ResponseEntity<TrustAmlApiResponse> getById(HttpServletRequest request","@RequestParam(""id"") Long id) throws Exception",,
"bfibranch;controller;BranchInfoController.java;@RequestMapping(value=""/all""", method= RequestMethod.GET," produces=""application/json"") public ResponseEntity<TrustAmlApiResponse> findAll(HttpServletRequest request) throws Exception",,,
bfibranch;dao;,,,,,
bfibranch;dao;IDetailBranchInfoDAO.java;public DetailBranchInfo findById(Long id),,,,,
bfibranch;dao;IDetailBranchInfoDAO.java;public List<DetailBranchInfo> findAllBranchInfo(),,,,,
bfibranch;dao;IDetailBranchInfoDAO.java;public void saveOrUpdate(DetailBranchInfo branchInfo),,,,,
bfibranch;dao;bfibranch;dao;DetailBranchInfoDAOImpl.java,,,,,
bfibranch;model;bfibranch;model;BranchEmail.java,,,,,
bfibranch;model;bfibranch;model;BranchAddress.java,,,,,
bfibranch;model;bfibranch;model;DetailBranchInfo.java,,,,,
bfibranch;model;bfibranch;model;BranchInfo.java,,,,,
bfibranch;model;bfibranch;model;BranchContact.java,,,,,
str;service;str;service;StrServiceImpl.java,,,,,
str;service;str;service;IStrService.java,,,,,
str;controller;,,,,,
"str;controller;StrController.java;@RequestMapping(""api/str"") public class StrController",,,,,
"str;controller;StrController.java;@RequestMapping(value = ""/create""", method = RequestMethod.POST," consumes=""application/json"") private ResponseEntity<TrustAmlApiResponse> createHotList(@RequestBody JSONObject jsonObject) throws Exception",,,
"str;controller;StrController.java;@RequestMapping(value = ""/retrive/"""," method = RequestMethod.GET) public ResponseEntity<TrustAmlApiResponse> findById(@RequestParam(""id"") Long id) throws Exception",,,,
str;dao;str;dao;StrDAOImpl.java,,,,,
str;dao;,,,,,
str;dao;IStrDAO.java;public StrBase findById(Long id),,,,,
str;dao;IStrDAO.java;public List<StrBase> findAll(),,,,,
str;dao;IStrDAO.java;public void saveOrUpdate(StrBase ttr),,,,,
str;model;str;model;StrLegal.java,,,,,
str;model;str;model;StrBase.java,,,,,
str;model;str;model;Str.java,,,,,
str;model;str;model;StrNatural.java,,,,,
str;model;str;model;StrInfo.java,,,,,
pepentry;service;pepentry;service;PepentryServiceImpl.java,,,,,
pepentry;service;pepentry;service;IPepentryService.java,,,,,
pepentry;controller;,,,,,
"pepentry;controller;PepentryController.java;@RequestMapping(""api/pepentry"") public class PepentryController",,,,,
"pepentry;controller;PepentryController.java;@RequestMapping(value = ""/create""", method = RequestMethod.POST," consumes = ""application/json"") private ResponseEntity<TrustAmlApiResponse> createPepentry(HttpServletRequest request",@RequestBody Pepentry pepentry) throws Exception,,
"pepentry;controller;PepentryController.java;@RequestMapping(value = ""/update""", method = RequestMethod.PUT," consumes = ""application/json"") private ResponseEntity<TrustAmlApiResponse> updatePepentry(HttpServletRequest request",@RequestBody Pepentry pepentry) throws Exception,,
"pepentry;controller;PepentryController.java;@RequestMapping(value = ""/retrive/""", method = RequestMethod.GET," produces = ""application/json"") private ResponseEntity<TrustAmlApiResponse> findById(HttpServletRequest request","@RequestParam(""id"") Long id) throws Exception",,
"pepentry;controller;PepentryController.java;@RequestMapping(value = ""/all""", method = RequestMethod.GET," produces = ""application/json"") private ResponseEntity<TrustAmlApiResponse> findAll(HttpServletRequest request) throws Exception",,,
pepentry;dao;pepentry;dao;PepentryDAOImpl.java,,,,,
pepentry;dao;,,,,,
pepentry;dao;IPepentryDAO.java;public Pepentry findById(Long id),,,,,
pepentry;dao;IPepentryDAO.java;public List<Pepentry> findAll(),,,,,
pepentry;dao;IPepentryDAO.java;public void saveOrUpdate(Pepentry pepentry),,,,,
pepentry;model;pepentry;model;Pepentry.java,,,,,
screeninglegal;service;screeninglegal;service;IScreeningLegalService.java,,,,,
screeninglegal;service;screeninglegal;service;ScreeningLegalServiceImpl.java,,,,,
screeninglegal;controller;,,,,,
"screeninglegal;controller;ScreeningLController.java;@RequestMapping(""/api/screening_l"") public class ScreeningLController",,,,,
"screeninglegal;controller;ScreeningLController.java;@RequestMapping(value = ""/all""", method = RequestMethod.GET," produces = ""application/json"") public ResponseEntity<TrustAmlApiResponse> listAllUsers(HttpServletRequest request) throws Exception",,,
"screeninglegal;controller;ScreeningLController.java;@RequestMapping(value = ""/create""", method = RequestMethod.POST," consumes = ""application/json"") public ResponseEntity<TrustAmlApiResponse> createLegal(HttpServletRequest request",@RequestBody ScreeningLRequest screening) throws Exception,,
"screeninglegal;controller;ScreeningLController.java;@RequestMapping(value = ""/update""", method = RequestMethod.PUT," consumes = ""application/json"") public ResponseEntity<TrustAmlApiResponse> updateLegal(HttpServletRequest request",@RequestBody ScreeningLRequest screening) throws Exception,,
"screeninglegal;controller;ScreeningLController.java;@RequestMapping(value = ""/retrive/""", method = RequestMethod.GET) public ResponseEntity<TrustAmlApiResponse> findById(HttpServletRequest request,"@RequestParam(""id"") Long id) throws Exception",,,
"screeninglegal;controller;ScreeningLController.java;@RequestMapping(value = ""/fetch_by_action""", method = RequestMethod.GET," produces = ""application/json"") public ResponseEntity<TrustAmlApiResponse> listAllUsersByAction(HttpServletRequest request) throws Exception",,,
"screeninglegal;controller;ScreeningLController.java;@RequestMapping(value = ""/replies""", method = RequestMethod.GET," produces = ""application/json"") public ResponseEntity<TrustAmlApiResponse> listAllScreeningReplies(HttpServletRequest request) throws Exception",,,
"screeninglegal;controller;ScreeningLController.java;@RequestMapping(value = ""/action/""", method = RequestMethod.PUT, consumes = MediaType.APPLICATION_JSON_VALUE) public ResponseEntity<TrustAmlApiResponse> updateNaturalAction(HttpServletRequest request,@RequestBody ScreeningAction action," @RequestParam(""id"") Long screeningId) throws Exception",
"screeninglegal;controller;ScreeningLController.java;@RequestMapping(value = ""/reply/""", method = RequestMethod.PUT, consumes = MediaType.APPLICATION_JSON_VALUE) public ResponseEntity<TrustAmlApiResponse> updateNaturalReply(@RequestBody ScreeningLRequestData requestData," @RequestParam(""id"") String screeningId", HttpServletRequest request ) throws Exception,
screeninglegal;dao;,,,,,
screeninglegal;dao;IScreeningLDAO.java;public Long saveOrUpdate(ScreeningLRequest screening),,,,,
screeninglegal;dao;IScreeningLDAO.java;public void deleteScreeningL(ScreeningLRequest screening),,,,,
screeninglegal;dao;IScreeningLDAO.java;public ScreeningLRequest findById(Long id),,,,,
screeninglegal;dao;IScreeningLDAO.java;public List<ScreeningLRequest> findAll(),,,,,
screeninglegal;dao;IScreeningLDAO.java;public List<ScreeningLRequest> findByApproved(boolean approved),,,,,
screeninglegal;dao;IScreeningLDAO.java;public List<ScreeningLRequest> findByAction(boolean approved),,,,,
screeninglegal;dao;IScreeningLDAO.java;public List<ScreeningLRequest> findByRepliedAndAction(boolean replied,boolean action),,,,
screeninglegal;dao;screeninglegal;dao;ScreeningLDAOImpl.java,,,,,
screeninglegal;model;screeninglegal;model;ScreeningLRequest.java,,,,,
screeninglegal;model;screeninglegal;model;ScreeningLRequestData.java,,,,,
investigation;service;investigation;service;InvestigationServiceImpl.java,,,,,
investigation;service;investigation;service;IInvestigationService.java,,,,,
investigation;controller;,,,,,
"investigation;controller;InvestigationController.java;@RequestMapping(""api/investigation"") public class InvestigationController",,,,,
"investigation;controller;InvestigationController.java;@RequestMapping(value = ""/create""", method = RequestMethod.POST," consumes = ""application/json"") private ResponseEntity<TrustAmlApiResponse> createInvestigation(HttpServletRequest request",@RequestBody Investigation investigation) throws Exception,,
"investigation;controller;InvestigationController.java;@RequestMapping(value = ""/update""", method = RequestMethod.PUT," consumes = ""application/json"") private ResponseEntity<TrustAmlApiResponse> updateInvestigation(HttpServletRequest request",@RequestBody Investigation investigation) throws Exception,,
"investigation;controller;InvestigationController.java;@RequestMapping(value = ""/retrive/""", method = RequestMethod.GET," produces = ""application/json"") private ResponseEntity<TrustAmlApiResponse> findById(HttpServletRequest request","@RequestParam(""id"") Long id) throws Exception",,
"investigation;controller;InvestigationController.java;@RequestMapping(value = ""/all""", method = RequestMethod.GET," produces = ""application/json"") private ResponseEntity<TrustAmlApiResponse> findAll(HttpServletRequest request) throws Exception",,,
investigation;dao;,,,,,
investigation;dao;IInvestigationDAO.java;public Investigation findById(Long id),,,,,
investigation;dao;IInvestigationDAO.java;public List<Investigation> findAll(),,,,,
investigation;dao;IInvestigationDAO.java;public void saveOrUpdate(Investigation investigation),,,,,
investigation;dao;investigation;dao;InvestigationDAOImpl.java,,,,,
investigation;model;investigation;model;Investigation.java,,,,,
investigation;model;investigation;model;InvestigationMediaInfo.java,,,,,
kycnatural;service;kycnatural;service;IKycnService.java,,,,,
kycnatural;service;kycnatural;service;KycnServiceImpl.java,,,,,
kycnatural;controller;,,,,,
"kycnatural;controller;KycnBaseController.java;@RequestMapping(""/api/kycn"") public class KycnBaseController",,,,,
"kycnatural;controller;KycnBaseController.java;@RequestMapping(value = ""/create""", method = RequestMethod.POST," consumes = ""application/json"") public ResponseEntity<TrustAmlApiResponse> createKycn(HttpServletRequest request", @RequestBody KycnBase kycnBase) throws Exception,,
"kycnatural;controller;KycnBaseController.java;@RequestMapping(value = ""/update""", method = RequestMethod.PUT," consumes = ""application/json"") public ResponseEntity<TrustAmlApiResponse> updateKycn(HttpServletRequest request", @RequestBody KycnBase kycnBase) throws Exception,,
"kycnatural;controller;KycnBaseController.java;@RequestMapping(value = ""/retrive/""", method = RequestMethod.GET," produces = ""application/json"") public ResponseEntity<TrustAmlApiResponse> getById(HttpServletRequest request"," @RequestParam(""id"") Long id) throws Exception",,
"kycnatural;controller;KycnBaseController.java;@RequestMapping(value = ""/all""", method = RequestMethod.GET," produces = ""application/json"") public ResponseEntity<TrustAmlApiResponse> findAll(HttpServletRequest request) throws Exception",,,
kycnatural;dao;,,,,,
kycnatural;dao;IKycnBaseDAO.java;public KycnBase findById(Long id),,,,,
kycnatural;dao;IKycnBaseDAO.java;public List<KycnBase> findAllKycn(),,,,,
kycnatural;dao;IKycnBaseDAO.java;public Long saveOrUpdate(KycnBase kycnBase),,,,,
kycnatural;dao;kycnatural;dao;KycnBaseDAOImpl.java,,,,,
kycnatural;model;kycnatural;model;KycnPersonalInfo.java,,,,,
kycnatural;model;kycnatural;model;KycnEducationInfo.java,,,,,
kycnatural;model;kycnatural;model;KycnObservationInfo.java,,,,,
kycnatural;model;kycnatural;model;KycnRelatedPersonInfo.java,,,,,
kycnatural;model;kycnatural;model;KycnBase.java,,,,,
kycnatural;model;kycnatural;model;AmlInfo.java,,,,,
kycnatural;model;kycnatural;model;KycnAddressInfo.java,,,,,
kycnatural;model;kycnatural;model;FunctionReturn.java,,,,,
kycnatural;model;kycnatural;model;KycnRelatedEntityInfo.java,,,,,
kycnatural;model;kycnatural;model;KycnInvolvementInfo.java,,,,,
kycnatural;model;kycnatural;model;KycnFinancialInfo.java,,,,,
kycnatural;model;kycnatural;model;KycnIdentificationInfo.java,,,,,
kycnatural;model;kycnatural;model;KycnRelationInfo.java,,,,,
kycnatural;model;kycnatural;model;KycnAccountsInfo.java,,,,,
exception;exception;CustomRestExceptionHandler.java,,,,,
common;common;TrustAmlApiResponse.java,,,,,
common;common;CorsFilter.java,,,,,
common;,,,,,
common;AbstractDAO.java;public void persist(Object entity) { getSession().persist(entity),,,,,
common;AbstractDAO.java;public void delete(Object entity) { getSession().delete(entity),,,,,
common;AbstractDAO.java;public void releaseConnection(){ SessionFactory sessionFactory = getSession().getSessionFactory(),,,,,
util;util;TenantContextHolder.java,,,,,
adversemedia;service;adversemedia;service;IAdverseMediaService.java,,,,,
adversemedia;service;adversemedia;service;AdverseMediaServiceImpl.java,,,,,
adversemedia;controller;,,,,,
"adversemedia;controller;AdverseMediaController.java;@RequestMapping(""api/adverse_media"") public class AdverseMediaController",,,,,
"adversemedia;controller;AdverseMediaController.java;@RequestMapping(value = ""/create""", method = RequestMethod.POST," consumes = ""application/json"") public ResponseEntity<TrustAmlApiResponse> createAdverse(HttpServletRequest request",@RequestBody AdverseMedia media) throws Exception,,
"adversemedia;controller;AdverseMediaController.java;@RequestMapping(value = ""/update""", method = RequestMethod.PUT," consumes = ""application/json"") public ResponseEntity<TrustAmlApiResponse> updateAdverse(HttpServletRequest request",@RequestBody AdverseMedia media) throws Exception,,
"adversemedia;controller;AdverseMediaController.java;@RequestMapping(value = ""/retrive/""", method = RequestMethod.GET," produces = ""application/json"") public ResponseEntity<TrustAmlApiResponse> getById(HttpServletRequest request","@RequestParam(""id"") Long id) throws Exception",,
"adversemedia;controller;AdverseMediaController.java;@RequestMapping(value = ""/all""", method = RequestMethod.GET," produces = ""application/json"") public ResponseEntity<TrustAmlApiResponse> findAll(HttpServletRequest request) throws Exception",,,
adversemedia;dao;,,,,,
adversemedia;dao;IAdverseMediaDAO.java;public AdverseMedia findById(Long id),,,,,
adversemedia;dao;IAdverseMediaDAO.java;public List<AdverseMedia> findAll(),,,,,
adversemedia;dao;IAdverseMediaDAO.java;public Long saveOrUpdate(AdverseMedia media),,,,,
adversemedia;dao;adversemedia;dao;AdverseMediaDAOImpl.java,,,,,
adversemedia;model;adversemedia;model;EntityInfo.java,,,,,
adversemedia;model;adversemedia;model;AddressInfo.java,,,,,
adversemedia;model;adversemedia;model;AdverseMedia.java,,,,,
adversemedia;model;adversemedia;model;Attachment.java,,,,,
adversemedia;model;adversemedia;model;PersonalInfo.java,,,,,
adversemedia;model;adversemedia;model;FamilyInfo.java,,,,,
adversemedia;model;adversemedia;model;OfficeInfo.java,,,,,
kyclegal;service;kyclegal;service;KyclServiceImpl.java,,,,,
kyclegal;service;kyclegal;service;IKyclService.java,,,,,
kyclegal;controller;,,,,,
"kyclegal;controller;KyclController.java;@RequestMapping(""api/kycl"") public class KyclController",,,,,
"kyclegal;controller;KyclController.java;@RequestMapping(value=""/create""", method= RequestMethod.POST," consumes=""application/json"") public ResponseEntity<TrustAmlApiResponse> createKycl(HttpServletRequest request",@RequestBody Kycl kycl) throws Exception,,
"kyclegal;controller;KyclController.java;@RequestMapping(value=""/update""", method= RequestMethod.PUT," consumes=""application/json"") public ResponseEntity<TrustAmlApiResponse> updateKycl(HttpServletRequest request",@RequestBody Kycl kycl) throws Exception,,
"kyclegal;controller;KyclController.java;@RequestMapping(value=""/retrive/""", method = RequestMethod.GET," produces =""application/json"") public ResponseEntity<TrustAmlApiResponse> getById(HttpServletRequest request","@RequestParam(""id"") Long id) throws Exception",,
"kyclegal;controller;KyclController.java;@RequestMapping(value=""/all""", method= RequestMethod.GET," produces=""application/json"") public ResponseEntity<TrustAmlApiResponse> findAll(HttpServletRequest request) throws Exception",,,
kyclegal;dao;kyclegal;dao;KyclDAOImpl.java,,,,,
kyclegal;dao;,,,,,
kyclegal;dao;IKyclDAO.java;public Kycl findById(Long id),,,,,
kyclegal;dao;IKyclDAO.java;public List<Kycl> findAllKycl(),,,,,
kyclegal;dao;IKyclDAO.java;public Long saveOrUpdate(Kycl kycl),,,,,
kyclegal;model;kyclegal;model;KycLegal.java,,,,,
kyclegal;model;kyclegal;model;RegistrationInfo.java,,,,,
kyclegal;model;kyclegal;model;Kycl.java,,,,,
kyclegal;model;kyclegal;model;Address.java,,,,,
kyclegal;model;kyclegal;model;AccountInfo.java,,,,,
kyclegal;model;kyclegal;model;LandlordInfo.java,,,,,
kyclegal;model;kyclegal;model;LandlordAddress.java,,,,,
kyclegal;model;kyclegal;model;RelatedPerson.java,,,,,
kyclegal;model;kyclegal;model;RegistrationAddress.java,,,,,
kyclegal;model;kyclegal;model;AuditInfo.java,,,,,
kyclegal;model;kyclegal;model;RelatedEntity.java,,,,,
kyclegal;model;kyclegal;model;FinancialInfo.java,,,,,
kyclegal;model;kyclegal;model;ComplianceInfo.java,,,,,
kyclegal;model;kyclegal;model;DocumentStatus.java,,,,,
kyclegal;model;kyclegal;model;BusinessInfo.java,,,,,
config;oauth;config;oauth;MethodSecurityConfig.java,,,,,
config;oauth;config;oauth;OAuthResourceServer.java,,,,,
config;oauth;config;oauth;CustomAccessTokenConverter.java,,,,,
config;spring;config;spring;WebConfig.java,,,,,
config;spring;config;spring;Initializer.java,,,,,
config;security;config;security;SpringSecurityInitializer.java,,,,,
config;security;config;security;WebSecurityConfig.java,,,,,
config;multitenancy;config;multitenancy;MultiTenantConnectionProviderImpl.java,,,,,
config;multitenancy;config;multitenancy;HibernateConfig.java,,,,,
config;multitenancy;config;multitenancy;CurrentTenantIdentifierResolverImpl.java,,,,,
config;multitenancy;config;multitenancy;DataSourceUtil.java,,,,,
config;multitenancy;config;multitenancy;ConnectionProviderImpl.java,,,,,
hotlist;service;hotlist;service;IHotListService.java,,,,,
hotlist;service;hotlist;service;HotListServiceImpl.java,,,,,
hotlist;controller;,,,,,
"hotlist;controller;HotListController.java;@RequestMapping(""api/hotlist"") public class HotListController",,,,,
"hotlist;controller;HotListController.java;@RequestMapping(value = ""/create""", method = RequestMethod.POST," consumes = ""application/json"") private ResponseEntity<TrustAmlApiResponse> createHotList(HttpServletRequest request",@RequestBody HotList hotList) throws Exception,,
"hotlist;controller;HotListController.java;@RequestMapping(value = ""/update""", method = RequestMethod.PUT," consumes = ""application/json"") private ResponseEntity<TrustAmlApiResponse> updateHotList(HttpServletRequest request",@RequestBody HotList hotList) throws Exception,,
"hotlist;controller;HotListController.java;@RequestMapping(value = ""/retrive/""", method = RequestMethod.GET," produces = ""application/json"") private ResponseEntity<TrustAmlApiResponse> findById(HttpServletRequest request","@RequestParam(""id"") Long id) throws Exception",,
"hotlist;controller;HotListController.java;@RequestMapping(value = ""/all""", method = RequestMethod.GET," produces = ""application/json"") private ResponseEntity<TrustAmlApiResponse> findAll(HttpServletRequest request) throws Exception",,,
hotlist;dao;hotlist;dao;HotListDAOImpl.java,,,,,
hotlist;dao;,,,,,
hotlist;dao;IHotListDAO.java;public HotList findById(Long id),,,,,
hotlist;dao;IHotListDAO.java;public List<HotList> findAll(),,,,,
hotlist;dao;IHotListDAO.java;public Long saveOrUpdate(HotList hotList),,,,,
hotlist;model;hotlist;model;HotList.java,,,,,
identity;model;identity;model;User.java,,,,,
screeningnatural;service;screeningnatural;service;ScreeningNaturalServiceImpl.java,,,,,
screeningnatural;service;screeningnatural;service;IScreeningNaturalService.java,,,,,
screeningnatural;controller;,,,,,
"screeningnatural;controller;ScreeningNController.java;@RequestMapping(""/api/screening_n"") public class ScreeningNController",,,,,
"screeningnatural;controller;ScreeningNController.java;@RequestMapping(value = ""/all""", method = RequestMethod.GET," produces = ""application/json"") public ResponseEntity<TrustAmlApiResponse> listAllUsers(HttpServletRequest request) throws Exception",,,
"screeningnatural;controller;ScreeningNController.java;@RequestMapping(value = ""/fetch_by_action""", method = RequestMethod.GET," produces = ""application/json"") public ResponseEntity<TrustAmlApiResponse> listAllUsersByAction(HttpServletRequest request) throws Exception",,,
"screeningnatural;controller;ScreeningNController.java;@RequestMapping(value = ""/replies""", method = RequestMethod.GET," produces = ""application/json"") public ResponseEntity<TrustAmlApiResponse> listAllScreeningReplies(HttpServletRequest request) throws Exception",,,
"screeningnatural;controller;ScreeningNController.java;@RequestMapping(value = ""/create""", method = RequestMethod.POST," consumes = ""application/json"") public ResponseEntity<TrustAmlApiResponse> createNatural(@RequestBody ScreeningNRequest screening", HttpServletRequest request) throws JsonMappingException, JsonParseException, JsonProcessingException
"screeningnatural;controller;ScreeningNController.java;@RequestMapping(value = ""/update""", method = RequestMethod.PUT, consumes = MediaType.APPLICATION_JSON_VALUE) public ResponseEntity<TrustAmlApiResponse> updateNatural(@RequestBody ScreeningNRequest screening, HttpServletRequest request) throws Exception,,
"screeningnatural;controller;ScreeningNController.java;@RequestMapping(value = ""/retrive/"""," method = RequestMethod.GET) public ResponseEntity<TrustAmlApiResponse> findById(@RequestParam(""id"") Long id", HttpServletRequest request) throws Exception,,,
"screeningnatural;controller;ScreeningNController.java;@RequestMapping(value = ""/action/""", method = RequestMethod.PUT, consumes = MediaType.APPLICATION_JSON_VALUE) public ResponseEntity<TrustAmlApiResponse> updateNaturalAction(@RequestBody ScreeningAction action," @RequestParam(""id"") String screeningId", HttpServletRequest request ) throws Exception,
"screeningnatural;controller;ScreeningNController.java;@RequestMapping(value = ""/reply/""", method = RequestMethod.PUT, consumes = MediaType.APPLICATION_JSON_VALUE) public ResponseEntity<TrustAmlApiResponse> updateNaturalReply(@RequestBody ScreeningNRequestData requestData," @RequestParam(""id"") String screeningId", HttpServletRequest request ) throws Exception,
screeningnatural;dao;screeningnatural;dao;ScreeningNRequestDAOImpl.java,,,,,
screeningnatural;dao;,,,,,
screeningnatural;dao;IScreeningNRequestDAO.java;public ScreeningNRequest findByFirstName(String firstName),,,,,
screeningnatural;dao;IScreeningNRequestDAO.java;public Long saveOrUpdate(ScreeningNRequest screeningN),,,,,
screeningnatural;dao;IScreeningNRequestDAO.java;public void deleteScreeningN(ScreeningNRequest screeningN),,,,,
screeningnatural;dao;IScreeningNRequestDAO.java;public ScreeningNRequest findById(Long id),,,,,
screeningnatural;dao;IScreeningNRequestDAO.java;public List<ScreeningNRequest> findAll(),,,,,
screeningnatural;dao;IScreeningNRequestDAO.java;public void screeningActionUpdate(ScreeningAction action, Long screeningId),,,,
screeningnatural;dao;IScreeningNRequestDAO.java;public List<ScreeningNRequest> findByApproved(boolean approved),,,,,
screeningnatural;dao;IScreeningNRequestDAO.java;public List<ScreeningNRequest> findByAction(boolean approved),,,,,
screeningnatural;dao;IScreeningNRequestDAO.java;public List<ScreeningNRequest> findByRepliedAndAction(boolean replied,boolean action),,,,
screeningnatural;model;screeningnatural;model;ScreeningNRequest.java,,,,,
screeningnatural;model;screeningnatural;model;ScreeningAttachment.java,,,,,
screeningnatural;model;screeningnatural;model;ScreeningRelatedPersonRequest.java,,,,,
screeningnatural;model;screeningnatural;model;ScreeningRelatedEntityRequestData.java,,,,,
screeningnatural;model;screeningnatural;model;ScreeningRelatedEntityRequest.java,,,,,
screeningnatural;model;screeningnatural;model;ScreeningMatchInfo.java,,,,,
screeningnatural;model;screeningnatural;model;ScreeningAction.java,,,,,
screeningnatural;model;screeningnatural;model;ScreeningNRequestData.java,,,,,
